nombre,apellidos,id_persona
Anna,Llorens,1
Kirk,Nunez,2
Martina,Myers,3
Indigo,Aguirre,4
Macaulay,George,5
Thaddeus,Brock,6
Hadassah,Charles,7
Ross,Hamilton,8
Solomon,James,9
Martha,Leach,10
Ivy,Manning,11
Amela,Hunt,12
Hadley,Browning,13
Sylvester,Bird,14
Basia,Burke,15
Germaine,Mathews,16
Beau,Small,17
Alden,Walters,18
Miranda,Mooney,19
Ginger,Wynn,20
Cullen,Barrett,21
Doris,Ballard,22
Hyacinth,Riley,23
fgfdgfd,Miles,24
Harrison,Parsons,25
Blaze,Oconnor,26
Oleg,Blackwell,27
Hamilton,Curry,28
Patrick,Avila,29
Simone,Guthrie,30
Harrison,Vasquez,31
Willow,Robertson,32
Ciaran,Jones,33
Ivana,Marshall,34
Katell,Schwartz,35
Helen,Ray,36
Leonard,Franklin,37
Lavinia,Carter,38
Indira,Conrad,39
Sloane,Kim,40
Akeem,Bowers,41
Hunter,Lester,42
Germaine,Bradshaw,43
Yetta,Franco,44
Rhiannon,Huff,45
Jerry,Chambers,46
Erin,Grant,47
Aaron,Ashley,48
Carol,Rivers,49
Orson,Hudson,50
David,Peiro,51
Carlos,Bermejo,52
AGAPITO ,CIFUENTES,53
ROMUALDO ,GOMEZ,54
L,PEREZ,55
EVA ,GOMEZ,56
MANUEL,PALOMAR,57
RAFAEL,ROMERO,58
God,God,59
